item_number,task_id,task_type,difficulty,prompt,instructions,participant_answer
1,capacity_easy_007,capacity,Easy,"You are given 2 people, each holding a unique item. After a series of swaps, report who holds each item.

Starting positions:
- Celine holds a ivory key
- Maren holds a slate compass

Swaps:
1. Celine and Maren swap items.
2. Celine and Maren swap items.

After all swaps, list each person and their current item.
Format your answer EXACTLY as:
ANSWER:
- [Person]: [item]
- [Person]: [item]",List each person and the item they are currently holding.,
2,interference_easy_001,interference,Easy,"You will receive a series of updates to one or more records. Each update REPLACES the previous value. After reading ALL updates, report ONLY the FINAL value for each record.

Updates (in order):
  Update: registry is now set to '574'
  Update: registry is now set to '943'
  Update: registry is now set to '850'

What is the FINAL value of each record?
ANSWER:
- registry: [final value]","For each record, write ONLY the most recent (final) value.",
3,capacity_medium_013,capacity,Medium,"You are given 3 people, each holding a unique item. After a series of swaps, report who holds each item.

Starting positions:
- Bram holds a russet shell
- Nico holds a teal feather
- Soren holds a indigo dagger

Swaps:
1. Bram and Nico swap items.
2. Nico and Soren swap items.
3. Bram and Nico swap items.
4. Nico and Soren swap items.

After all swaps, list each person and their current item.
Format your answer EXACTLY as:
ANSWER:
- [Person]: [item]
- [Person]: [item]
- [Person]: [item]",List each person and the item they are currently holding.,
4,interference_medium_013,interference,Medium,"You will receive a series of updates to one or more records. Each update REPLACES the previous value. After reading ALL updates, report ONLY the FINAL value for each record.

Updates (in order):
  Update: destination is now set to 'Colette'
  Update: reference is now set to 'Freya'
  Update: destination is now set to 'Freya'
  Update: reference is now set to 'Bashir'
  Update: destination is now set to 'Maren'
  Update: reference is now set to 'Soren'
  Update: destination is now set to 'Magnus'
  Update: reference is now set to 'Ravi'
  Update: destination is now set to 'Adaeze'
  Update: reference is now set to 'Vesna'
  Update: destination is now set to 'Gael'
  Update: reference is now set to 'Idris'

What is the FINAL value of each record?
ANSWER:
- destination: [final value]
- reference: [final value]","For each record, write ONLY the most recent (final) value.",
5,capacity_hard_023,capacity,Hard,"You are given 4 people, each holding a unique item. After a series of swaps, report who holds each item.

Starting positions:
- Willa holds a ochre scroll
- Idris holds a indigo compass
- Hana holds a ivory dagger
- Orla holds a green mirror

Swaps:
1. Willa and Hana swap items.
2. Idris and Hana swap items.
3. Willa and Orla swap items.
4. Willa and Idris swap items.
5. Willa and Orla swap items.
6. Willa and Idris swap items.
7. Hana and Orla swap items.

After all swaps, list each person and their current item.
Format your answer EXACTLY as:
ANSWER:
- [Person]: [item]
- [Person]: [item]
- [Person]: [item]
- [Person]: [item]",List each person and the item they are currently holding.,
6,interference_hard_020,interference,Hard,"You will receive a series of updates to one or more records. Each update REPLACES the previous value. After reading ALL updates, report ONLY the FINAL value for each record.

Updates (in order):
  Update: contact is now set to 'Ines'
  Update: location is now set to 'Vesna'
  Update: coordinator is now set to 'Orla'
  Update: contact is now set to 'Dmitri'
  Update: location is now set to 'Kaia'
  Update: coordinator is now set to 'Uma'
  Update: contact is now set to 'Zora'
  Update: location is now set to 'Tariq'
  Update: coordinator is now set to 'Dmitri'
  Update: contact is now set to 'Soren'
  Update: location is now set to 'Lumi'
  Update: coordinator is now set to 'Dariush'
  Update: contact is now set to 'Bram'
  Update: location is now set to 'Idris'
  Update: coordinator is now set to 'Greta'
  Update: contact is now set to 'Freya'
  Update: location is now set to 'Ines'
  Update: coordinator is now set to 'Dmitri'
  Update: contact is now set to 'Dariush'
  Update: location is now set to 'Elara'
  Update: coordinator is now set to 'Kenji'
  Update: contact is now set to 'Bram'
  Update: location is now set to 'Bashir'
  Update: coordinator is now set to 'Xander'
  Update: contact is now set to 'Zain'
  Update: location is now set to 'Dmitri'
  Update: coordinator is now set to 'Idris'
  Update: contact is now set to 'Xander'
  Update: location is now set to 'Adaeze'
  Update: coordinator is now set to 'Bashir'
  Update: contact is now set to 'Viktor'
  Update: location is now set to 'Orla'
  Update: coordinator is now set to 'Celine'
  Update: contact is now set to 'Zain'
  Update: location is now set to 'Freya'
  Update: coordinator is now set to 'Nico'

What is the FINAL value of each record?
ANSWER:
- contact: [final value]
- location: [final value]
- coordinator: [final value]

Also answer these verification questions (Yes or No):
V1. Was 'Dmitri' ever assigned to contact? [Yes/No]","For each record, write ONLY the most recent (final) value.",
7,sustained_easy_007,sustained,Easy,"Read the entire document below carefully. Find ALL mentions of a musical instrument. List every instrument you find.

Important: There may be similar-sounding items that are NOT a musical instrument — do not include those.

---
The library held over thirty thousand volumes, most of them catalogued by hand in a system that only Sigrid fully understood. The wooden shelves bowed slightly under the weight. Sigrid mentioned seeing a theremin while crossing the square.

Evening fell quickly in the valley. The mountains blocked the last hour of sunlight, and by five o'clock the streetlights were already on. Bashir recalled that a music stand had appeared briefly near the market.

Construction on the new civic building proceeded on schedule despite the weather. The foreman reviewed the blueprints each morning, marking progress with a red pencil.

Evening fell quickly in the valley. The mountains blocked the last hour of sunlight, and by five o'clock the streetlights were already on.

The annual inspection of the bridge supports revealed nothing unusual. The engineers noted minor erosion along the northern pylons but deemed it within acceptable parameters. Reports from the harbour mentioned a pitch pipe had been observed twice that week.

The ferry crossed the strait twice daily, weather permitting. On calm days the journey took forty minutes; in rough seas it could take over an hour.

A thin rain began to fall just as Zain reached the old quarter. The cobblestones gleamed under the streetlights, and a cat watched from a window ledge with studied indifference. A flute was noted in the margin of the inspector's report.

The library held over thirty thousand volumes, most of them catalogued by hand in a system that only Lumi fully understood. The wooden shelves bowed slightly under the weight. Reports from the harbour mentioned a dulcimer had been observed twice that week.

The botanical garden maintained a collection of over four hundred species, each labelled with its Latin name and region of origin. A narrow gravel path wound between the beds.

The ferry crossed the strait twice daily, weather permitting. On calm days the journey took forty minutes; in rough seas it could take over an hour.

Trade negotiations between the two districts had stalled over a minor tariff dispute. The delegates from Zanzibar insisted on maintaining their position, while the merchants grew impatient. Ravi recalled that a harp had appeared briefly near the market.

The market square in Luang Prabang was busier than usual that morning. Vendors had set up their stalls before dawn, and the smell of roasted chestnuts mixed with diesel fumes from the delivery trucks. The survey team documented a violin in the area surrounding Recife.
---

List ALL instruments mentioned in the document, in the order they appear.
Format: ANSWER: [item1], [item2], [item3], ...","List ALL target items you found in the passage, separated by commas.",
8,stream_easy_001,stream_segregation,Easy,"Below are two interleaved conversations marked [A] and [B].
Answer questions ONLY about conversation A (about gardening guide).
Completely ignore conversation B.

[A] Mulch with wood chips to retain moisture.
[B] Market capitalization reached $396 billion.
[A] Mulch with wood chips to retain moisture.
[B] The debt-to-equity ratio stands at 1.37.
[A] Space each plant at least 8 inches apart.
[B] Revenue from the Asia-Pacific region grew 5%.
[A] Water thoroughly every 13 days during spring.
[B] Net profit margin improved to 23.8%.

Question 1: Based ONLY on conversation A (about gardening guide), what is the first specific number or measurement mentioned?

ANSWER:
1. [your answer]",Answer the question about Stream A only. Ignore Stream B.,
9,sustained_medium_013,sustained,Medium,"Read the entire document below carefully. Find ALL mentions of a musical instrument. List every instrument you find.

Important: There may be similar-sounding items that are NOT a musical instrument — do not include those.

---
The clock tower had been silent for three months while repairs were made to the mechanism. Residents had grown accustomed to the quiet and were divided on whether to restore it. Among the items catalogued was a dulcimer, noted without further comment.

The market square in Bruges was busier than usual that morning. Vendors had set up their stalls before dawn, and the smell of roasted chestnuts mixed with diesel fumes from the delivery trucks.

A street musician played something melancholy on a worn accordion. The tune drifted through the alley, mixing with the clatter of dishes from a restaurant kitchen.

The library held over thirty thousand volumes, most of them catalogued by hand in a system that only Ines fully understood. The wooden shelves bowed slightly under the weight.

Construction on the new civic building proceeded on schedule despite the weather. The foreman reviewed the blueprints each morning, marking progress with a red pencil.

A shipment of textiles arrived from the south, packed in crates stamped with unfamiliar markings. The customs officer consulted her reference manual before clearing them.

Evening fell quickly in the valley. The mountains blocked the last hour of sunlight, and by five o'clock the streetlights were already on.

The clock tower had been silent for three months while repairs were made to the mechanism. Residents had grown accustomed to the quiet and were divided on whether to restore it.

A thin rain began to fall just as Tala reached the old quarter. The cobblestones gleamed under the streetlights, and a cat watched from a window ledge with studied indifference.

Trade negotiations between the two districts had stalled over a minor tariff dispute. The delegates from Fez insisted on maintaining their position, while the merchants grew impatient. The logbook recorded a metronome at the northern edge of the district.

The workshop on Sigrid Street had been there for decades, its walls darkened by time and soot. Inside, the hum of machinery was constant, a low vibration you felt in your teeth. A tuning fork was spotted near the old bridge that morning.

A street musician played something melancholy on a worn accordion. The tune drifted through the alley, mixing with the clatter of dishes from a restaurant kitchen.

The old postal route between Cartagena and the coastal villages had not been used in years. Weeds pushed through the gravel, and the mile markers were barely legible.

A shipment of textiles arrived from the south, packed in crates stamped with unfamiliar markings. The customs officer consulted her reference manual before clearing them. A amplifier was noted in the margin of the inspector's report.

The clock tower had been silent for three months while repairs were made to the mechanism. Residents had grown accustomed to the quiet and were divided on whether to restore it. Yuki recalled that a bassoon had appeared briefly near the market.

Fog rolled in from the harbour, thick enough to muffle the sound of the bells. Ships sat motionless at their moorings, waiting for the visibility to improve before attempting the channel.

The old postal route between Cartagena and the coastal villages had not been used in years. Weeds pushed through the gravel, and the mile markers were barely legible. Reports from the harbour mentioned a harp had been observed twice that week.

The ferry crossed the strait twice daily, weather permitting. On calm days the journey took forty minutes; in rough seas it could take over an hour. A mbira was spotted near the old bridge that morning.

A thin rain began to fall just as Zora reached the old quarter. The cobblestones gleamed under the streetlights, and a cat watched from a window ledge with studied indifference. Leif mentioned seeing a hurdy-gurdy while crossing the square.

Trade negotiations between the two districts had stalled over a minor tariff dispute. The delegates from Plovdiv insisted on maintaining their position, while the merchants grew impatient.

Construction on the new civic building proceeded on schedule despite the weather. The foreman reviewed the blueprints each morning, marking progress with a red pencil.

The market square in Ulaanbaatar was busier than usual that morning. Vendors had set up their stalls before dawn, and the smell of roasted chestnuts mixed with diesel fumes from the delivery trucks. The survey team documented a microphone in the area surrounding Reykjavik.

A shipment of textiles arrived from the south, packed in crates stamped with unfamiliar markings. The customs officer consulted her reference manual before clearing them. A erhu was spotted near the old bridge that morning.

Fog rolled in from the harbour, thick enough to muffle the sound of the bells. Ships sat motionless at their moorings, waiting for the visibility to improve before attempting the channel. Nico recalled that a cello had appeared briefly near the market.

Trade negotiations between the two districts had stalled over a minor tariff dispute. The delegates from Cusco insisted on maintaining their position, while the merchants grew impatient.

Trade negotiations between the two districts had stalled over a minor tariff dispute. The delegates from Ulaanbaatar insisted on maintaining their position, while the merchants grew impatient.

A street musician played something melancholy on a worn accordion. The tune drifted through the alley, mixing with the clatter of dishes from a restaurant kitchen. Reports from the harbour mentioned a mixer had been observed twice that week.

The workshop on Tariq Street had been there for decades, its walls darkened by time and soot. Inside, the hum of machinery was constant, a low vibration you felt in your teeth.

A thin rain began to fall just as Freya reached the old quarter. The cobblestones gleamed under the streetlights, and a cat watched from a window ledge with studied indifference. A balalaika was spotted near the old bridge that morning.

The botanical garden maintained a collection of over four hundred species, each labelled with its Latin name and region of origin. A narrow gravel path wound between the beds.
---

List ALL instruments mentioned in the document, in the order they appear.
Format: ANSWER: [item1], [item2], [item3], ...","List ALL target items you found in the passage, separated by commas.",
10,stream_medium_013,stream_segregation,Medium,"Below are two interleaved conversations marked [A] and [B].
Answer questions ONLY about conversation A (about sports commentary).
Completely ignore conversation B.

[A] Hana scored from 21 yards out.
[B] Apply the moisturizing cream 2 times per day.
[A] The score is 4-0 at the end of the first half.
[B] Exercise for at least 12 minutes daily.
[A] The corner kick is taken by Ravi.
[B] Exercise for at least 39 minutes daily.
[A] The referee issued a red card for the foul.
[B] Take 500mg of amoxicillin twice daily.
[A] The match has been played in sunshine conditions.
[B] Blood pressure reading was 155/69.
[A] Substitution: Zain replaces Sigrid.
[B] The follow-up appointment is in 2 weeks.

Question 1: Based ONLY on conversation A (about sports commentary), what is the first specific number or measurement mentioned?

ANSWER:
1. [your answer]",Answer the question about Stream A only. Ignore Stream B.,
11,sustained_hard_023,sustained,Hard,"Read the entire document below carefully. Find ALL mentions of a type of bird. List every bird you find.

Important: There may be similar-sounding items that are NOT a type of bird — do not include those.

---
A thin rain began to fall just as Zain reached the old quarter. The cobblestones gleamed under the streetlights, and a cat watched from a window ledge with studied indifference.

The library held over thirty thousand volumes, most of them catalogued by hand in a system that only Colette fully understood. The wooden shelves bowed slightly under the weight. A sugar glider was noted in the margin of the inspector's report.

Fog rolled in from the harbour, thick enough to muffle the sound of the bells. Ships sat motionless at their moorings, waiting for the visibility to improve before attempting the channel. Among the items catalogued was a eagle, noted without further comment.

The botanical garden maintained a collection of over four hundred species, each labelled with its Latin name and region of origin. A narrow gravel path wound between the beds. Paloma mentioned seeing a raven while crossing the square.

A shipment of textiles arrived from the south, packed in crates stamped with unfamiliar markings. The customs officer consulted her reference manual before clearing them. Among the items catalogued was a magpie, noted without further comment.

Trade negotiations between the two districts had stalled over a minor tariff dispute. The delegates from Valetta insisted on maintaining their position, while the merchants grew impatient.

A thin rain began to fall just as Nalini reached the old quarter. The cobblestones gleamed under the streetlights, and a cat watched from a window ledge with studied indifference.

A street musician played something melancholy on a worn accordion. The tune drifted through the alley, mixing with the clatter of dishes from a restaurant kitchen.

The library held over thirty thousand volumes, most of them catalogued by hand in a system that only Tariq fully understood. The wooden shelves bowed slightly under the weight.

Construction on the new civic building proceeded on schedule despite the weather. The foreman reviewed the blueprints each morning, marking progress with a red pencil. Yara recalled that a swift had appeared briefly near the market.

The ferry crossed the strait twice daily, weather permitting. On calm days the journey took forty minutes; in rough seas it could take over an hour. Kaia mentioned seeing a bat while crossing the square.

Evening fell quickly in the valley. The mountains blocked the last hour of sunlight, and by five o'clock the streetlights were already on.

The annual inspection of the bridge supports revealed nothing unusual. The engineers noted minor erosion along the northern pylons but deemed it within acceptable parameters.

A shipment of textiles arrived from the south, packed in crates stamped with unfamiliar markings. The customs officer consulted her reference manual before clearing them. The logbook recorded a flying fish at the northern edge of the district.

The market square in Jaipur was busier than usual that morning. Vendors had set up their stalls before dawn, and the smell of roasted chestnuts mixed with diesel fumes from the delivery trucks.

The clock tower had been silent for three months while repairs were made to the mechanism. Residents had grown accustomed to the quiet and were divided on whether to restore it.

A street musician played something melancholy on a worn accordion. The tune drifted through the alley, mixing with the clatter of dishes from a restaurant kitchen. Reports from the harbour mentioned a finch had been observed twice that week.

Fog rolled in from the harbour, thick enough to muffle the sound of the bells. Ships sat motionless at their moorings, waiting for the visibility to improve before attempting the channel. A moth was spotted near the old bridge that morning.

The clock tower had been silent for three months while repairs were made to the mechanism. Residents had grown accustomed to the quiet and were divided on whether to restore it.

The workshop on Greta Street had been there for decades, its walls darkened by time and soot. Inside, the hum of machinery was constant, a low vibration you felt in your teeth. Tala recalled that a wasp had appeared briefly near the market.

The botanical garden maintained a collection of over four hundred species, each labelled with its Latin name and region of origin. A narrow gravel path wound between the beds.

The market square in Kumasi was busier than usual that morning. Vendors had set up their stalls before dawn, and the smell of roasted chestnuts mixed with diesel fumes from the delivery trucks.

A thin rain began to fall just as Yuki reached the old quarter. The cobblestones gleamed under the streetlights, and a cat watched from a window ledge with studied indifference.

The old postal route between Ulaanbaatar and the coastal villages had not been used in years. Weeds pushed through the gravel, and the mile markers were barely legible.

The library held over thirty thousand volumes, most of them catalogued by hand in a system that only Elara fully understood. The wooden shelves bowed slightly under the weight. Zain mentioned seeing a ibis while crossing the square.

The ferry crossed the strait twice daily, weather permitting. On calm days the journey took forty minutes; in rough seas it could take over an hour.

The annual inspection of the bridge supports revealed nothing unusual. The engineers noted minor erosion along the northern pylons but deemed it within acceptable parameters.

Evening fell quickly in the valley. The mountains blocked the last hour of sunlight, and by five o'clock the streetlights were already on.

The ferry crossed the strait twice daily, weather permitting. On calm days the journey took forty minutes; in rough seas it could take over an hour.

The market square in Mandalay was busier than usual that morning. Vendors had set up their stalls before dawn, and the smell of roasted chestnuts mixed with diesel fumes from the delivery trucks.

The market square in Gdansk was busier than usual that morning. Vendors had set up their stalls before dawn, and the smell of roasted chestnuts mixed with diesel fumes from the delivery trucks. The survey team documented a woodpecker in the area surrounding Tbilisi.

The market square in Plovdiv was busier than usual that morning. Vendors had set up their stalls before dawn, and the smell of roasted chestnuts mixed with diesel fumes from the delivery trucks.

Evening fell quickly in the valley. The mountains blocked the last hour of sunlight, and by five o'clock the streetlights were already on.

The workshop on Adaeze Street had been there for decades, its walls darkened by time and soot. Inside, the hum of machinery was constant, a low vibration you felt in your teeth.

The annual inspection of the bridge supports revealed nothing unusual. The engineers noted minor erosion along the northern pylons but deemed it within acceptable parameters. Haruto recalled that a dragonfly had appeared briefly near the market.

The ferry crossed the strait twice daily, weather permitting. On calm days the journey took forty minutes; in rough seas it could take over an hour.

Evening fell quickly in the valley. The mountains blocked the last hour of sunlight, and by five o'clock the streetlights were already on.

The annual inspection of the bridge supports revealed nothing unusual. The engineers noted minor erosion along the northern pylons but deemed it within acceptable parameters.

The old postal route between Cusco and the coastal villages had not been used in years. Weeds pushed through the gravel, and the mile markers were barely legible.

The market square in Kumasi was busier than usual that morning. Vendors had set up their stalls before dawn, and the smell of roasted chestnuts mixed with diesel fumes from the delivery trucks.

The annual inspection of the bridge supports revealed nothing unusual. The engineers noted minor erosion along the northern pylons but deemed it within acceptable parameters.

The clock tower had been silent for three months while repairs were made to the mechanism. Residents had grown accustomed to the quiet and were divided on whether to restore it.

Trade negotiations between the two districts had stalled over a minor tariff dispute. The delegates from Ulaanbaatar insisted on maintaining their position, while the merchants grew impatient. A crane was noted in the margin of the inspector's report.

The workshop on Joaquin Street had been there for decades, its walls darkened by time and soot. Inside, the hum of machinery was constant, a low vibration you felt in your teeth.

Evening fell quickly in the valley. The mountains blocked the last hour of sunlight, and by five o'clock the streetlights were already on.

Construction on the new civic building proceeded on schedule despite the weather. The foreman reviewed the blueprints each morning, marking progress with a red pencil. Reports from the harbour mentioned a dove had been observed twice that week.

A street musician played something melancholy on a worn accordion. The tune drifted through the alley, mixing with the clatter of dishes from a restaurant kitchen.

Trade negotiations between the two districts had stalled over a minor tariff dispute. The delegates from Cartagena insisted on maintaining their position, while the merchants grew impatient.

Evening fell quickly in the valley. The mountains blocked the last hour of sunlight, and by five o'clock the streetlights were already on.

The clock tower had been silent for three months while repairs were made to the mechanism. Residents had grown accustomed to the quiet and were divided on whether to restore it. Among the items catalogued was a butterfly, noted without further comment.

Trade negotiations between the two districts had stalled over a minor tariff dispute. The delegates from Kotor insisted on maintaining their position, while the merchants grew impatient. The survey team documented a wren in the area surrounding Zanzibar.

Construction on the new civic building proceeded on schedule despite the weather. The foreman reviewed the blueprints each morning, marking progress with a red pencil.

The annual inspection of the bridge supports revealed nothing unusual. The engineers noted minor erosion along the northern pylons but deemed it within acceptable parameters.

Evening fell quickly in the valley. The mountains blocked the last hour of sunlight, and by five o'clock the streetlights were already on.

The botanical garden maintained a collection of over four hundred species, each labelled with its Latin name and region of origin. A narrow gravel path wound between the beds. A pterodactyl was noted in the margin of the inspector's report.
---

List ALL birds mentioned in the document, in the order they appear.
Format: ANSWER: [item1], [item2], [item3], ...","List ALL target items you found in the passage, separated by commas.",
12,stream_hard_020,stream_segregation,Hard,"Below are two interleaved conversations marked [A] and [B].
Answer questions ONLY about conversation A (about gardening guide).
Completely ignore conversation B.

[A] Harvest when the sunflower reaches 11 inches tall.
[B] Operating costs are projected at $194 million.
[A] Add potassium fertilizer once every 2 weeks.
[B] Market capitalization reached $347 billion.
[A] Mulch with wood chips to retain moisture.
[B] The debt-to-equity ratio stands at 0.97.
[A] Prune the sunflower back to 8 inches in October.
[B] The stock trades at a P/E ratio of 25.4.
[A] Plant the basil seeds 2 inches deep.
[B] Operating costs are projected at $66 million.
[A] Harvest when the sunflower reaches 14 inches tall.
[B] Dividends per share will be $4.61.
[A] Expect germination in 10 to 17 days.
[B] Net profit margin improved to 24.5%.
[A] Water thoroughly every 12 days during autumn.
[B] The board approved a $120 million share buyback. ALERT: this is a priority notice.

Question 1: Based ONLY on conversation A (about gardening guide), what is the first specific number or measurement mentioned?
Question 2: Was the word ""ALERT"" mentioned anywhere in conversation B? (yes/no)

ANSWER:
1. [your answer]
2. [yes/no]",Answer the question about Stream A only. Ignore Stream B.,
13,selective_easy_007,selective,Easy,"The following report contains statements from two sources:
- Source A (verified): these are the facts you need.
- Source B (unverified): ignore these completely.

Statements are tagged with [Source A (verified)] or [Source B (unverified)].

Extract ONLY the numerical values reported by the verified source (Source A).

---
[Source B (unverified)] A passerby estimated the temperature at 33.2°C.
[Source B (unverified)] An uncalibrated thermometer showed 9.6°C.
[Source A (verified)] The verified sensor reading was 1.8°C.
[Source A (verified)] The verified sensor reading was 11.3°C.
[Source B (unverified)] An unverified weather app displayed -10.3°C.
[Source A (verified)] The calibrated station recorded a temperature of 31.8°C.
---

ANSWER: [value1], [value2], [value3], ...",List ONLY the values from the verified/confirmed source.,
14,stroop_easy_001,stroop,Easy,"IMPORTANT: For each sentence below, answer the question about what the sentence LITERALLY SAYS. Do NOT correct any factual errors — report exactly what is stated in the sentence, even if it is wrong.

1. Sentence: ""The French Revolution occurred in 1955""
   Question: What year is mentioned in the sentence?

2. Sentence: ""The Volga is the longest river in Europe""
   Question: What river is mentioned?

3. Sentence: ""The signing of the Magna Carta occurred in 1801""
   Question: What year is mentioned in the sentence?

ANSWER:
1. [your answer]
2. [your answer]
3. [your answer]","Answer what the sentence LITERALLY says, even if it contains errors.",
15,selective_medium_013,selective,Medium,"The following report contains statements from two sources:
- Source A (verified): these are the facts you need.
- Source B (unverified): ignore these completely.

Statements mention their source inline (Source A is verified, Source B is unverified).

Extract ONLY the numerical values reported by the verified source (Source A).

---
Source B suggests that A passerby estimated the temperature at 4.8°C.
According to Source B, An uncalibrated thermometer showed 21.8°C.
Source A reports that Official meteorological data shows -3.7°C at noon.
According to Source B, An unverified weather app displayed 11.7°C.
Source B suggests that A passerby estimated the temperature at 11.5°C.
Source A reports that The calibrated station recorded a temperature of 30.3°C.
The unverified source claims An uncalibrated thermometer showed 34.0°C.
Source A reports that The calibrated station recorded a temperature of 12.0°C.
Source B suggests that Social media posts claimed it felt like 38.4°C.
The verified source states According to the certified gauge, pressure-adjusted temperature was 23.2°C.
---

ANSWER: [value1], [value2], [value3], ...",List ONLY the values from the verified/confirmed source.,
16,stroop_medium_013,stroop,Medium,"Answer each question based ONLY on what the sentence states. Do not correct errors in the sentences.

1. Sentence: ""The Danube is the longest river in South America""
   Question: What river is mentioned?

2. Sentence: ""Water boils at 85 degrees Celsius at sea level""
   Question: What temperature is mentioned in the sentence?

3. Sentence: ""Water boils at 110 degrees Celsius at sea level""
   Question: What temperature is mentioned in the sentence?

4. Sentence: ""According to the report, 70 + 81 = 166""
   Question: What number does the report state as the sum?

ANSWER:
1. [your answer]
2. [your answer]
3. [your answer]
4. [your answer]","Answer what the sentence LITERALLY says, even if it contains errors.",
17,selective_hard_023,selective,Hard,"The following report contains statements from two sources:
- Source A (verified): these are the facts you need.
- Source B (unverified): ignore these completely.

Verified data comes from audited/cross-referenced sources. Unverified data comes from unofficial/anecdotal sources.

Extract ONLY the numerical values reported by the verified source (Source A).

---
Per the verified data, The accredited lab measured concentration at 387.6 mg/L.
Unconfirmed data indicates The expired reagent test showed 93.6 mg/L.
Unofficial channels report An uncertified instrument read 94.0 mg/L.
Per the verified data, Certified analysis confirmed 106.6 mg/L of the compound.
Unofficial channels report Preliminary screening suggested 81.5 mg/L.
Anecdotal evidence suggests An uncertified instrument read 198.2 mg/L.
Anecdotal evidence suggests An uncertified instrument read 195.0 mg/L.
Unconfirmed data indicates The expired reagent test showed 446.1 mg/L.
Per the verified data, The accredited lab measured concentration at 350.2 mg/L.
Unconfirmed data indicates A field test kit indicated approximately 221.7 mg/L.
Anecdotal evidence suggests A field test kit indicated approximately 451.8 mg/L.
Anecdotal evidence suggests A field test kit indicated approximately 449.0 mg/L.
Per the verified data, The peer-reviewed measurement yielded 429.8 mg/L.
Unconfirmed data indicates An uncertified instrument read 110.5 mg/L.
The audited record indicates The peer-reviewed measurement yielded 75.0 mg/L.
---

ANSWER: [value1], [value2], [value3], ...",List ONLY the values from the verified/confirmed source.,
18,stroop_hard_020,stroop,Hard,"For each item, answer the question about the sentence as written.

1. Sentence: ""Paris is the capital of Australia""
   Question: What country is mentioned in the sentence?

2. Sentence: ""The Seine is the longest river in Africa""
   Question: What river is mentioned?

3. Sentence: ""Paris is the capital of Germany""
   Question: What country is mentioned in the sentence?

4. Sentence: ""Water boils at 75 degrees Celsius at sea level""
   Question: What temperature is mentioned in the sentence?

5. Sentence: ""Water boils at 92 degrees Celsius at sea level""
   Question: What temperature is mentioned in the sentence?

6. Sentence: ""The Seine is the longest river in South America""
   Question: What river is mentioned?

ANSWER:
1. [your answer]
2. [your answer]
3. [your answer]
4. [your answer]
5. [your answer]
6. [your answer]","Answer what the sentence LITERALLY says, even if it contains errors.",
19,shifting_easy_007,shifting,Easy,"Classify each word below according to the CURRENT rule.
The rule may change partway through — pay close attention.

RULE: Classify each word by FIRST LETTER: 'early' if A-M, 'late' if N-Z

1. hammer → ?
2. eagle → ?
3. mirror → ?

--- RULE CHANGE ---
NEW RULE: Classify each word by CATEGORY: animal, food, or object

4. shovel → ?
5. falcon → ?
6. walnut → ?

Format your answer as:
ANSWER:
1. [classification]
2. [classification]
3. [classification]
4. [classification]
5. [classification]
6. [classification]",Classify each word according to the CURRENT rule (the rule may change mid-task).,
20,ior_easy_001,inhibition_return,Easy,"Read the following 3 passages carefully, then answer each question.
Each question specifies which passage it refers to.

--- Passage A ---
Experiment EX-884 was conducted by Joaquin in lab C-05. The sample was heated to 120°C for 15 minutes. The resulting concentration was 45.1 mg/L. A shipment of textiles arrived from the south, packed in crates stamped with unfamiliar markings. The customs officer consulted her reference manual before clearing them. The pH of the solution measured 4.5 at completion.

--- Passage B ---
The warehouse at building 7 received a shipment on Friday. It contained 15 crates of electronics, each weighing 8 kilograms. The shipment was logged by Amara under reference number WH-7120. The workshop on Kenji Street had been there for decades, its walls darkened by time and soot. Inside, the hum of machinery was constant, a low vibration you felt in your teeth. The total value of the shipment was $9,100.

--- Passage C ---
The weather station at the coastal station recorded conditions on Tuesday. Temperature reached 27.8°C with humidity at 45%. Wind speed was measured at 52 km/h from the west. A street musician played something melancholy on a worn accordion. The tune drifted through the alley, mixing with the clatter of dishes from a restaurant kitchen. Barometric pressure stood at 1015 hPa.

Answer each question:
Q1. (About Passage B) Who logged the shipment?
Q2. (About Passage A) What was the resulting concentration?
Q3. (About Passage B) How many crates were in the shipment?

ANSWER:
1. [your answer]
2. [your answer]
3. [your answer]",Answer each question based on the relevant passage.,
21,shifting_medium_013,shifting,Medium,"Classify each word below according to the CURRENT rule.
The rule may change partway through — pay close attention.

RULE: Classify each word by CATEGORY: animal, food, or object

1. candle → ?
2. parrot → ?
3. falcon → ?
4. mango → ?

Rule change: Classify each word by FIRST LETTER: 'early' if A-M, 'late' if N-Z

5. shovel → ?
6. walnut → ?
7. donkey → ?
8. wrench → ?

Format your answer as:
ANSWER:
1. [classification]
2. [classification]
3. [classification]
4. [classification]
5. [classification]
6. [classification]
7. [classification]
8. [classification]",Classify each word according to the CURRENT rule (the rule may change mid-task).,
22,ior_medium_013,inhibition_return,Medium,"Read the following 3 passages carefully, then answer each question.
Each question specifies which passage it refers to.

--- Passage A ---
The weather station at the valley floor recorded conditions on Wednesday. Temperature reached 23.2°C with humidity at 33%. Wind speed was measured at 28 km/h from the northeast. The botanical garden maintained a collection of over four hundred species, each labelled with its Latin name and region of origin. A narrow gravel path wound between the beds. Barometric pressure stood at 1015 hPa.

Fog rolled in from the harbour, thick enough to muffle the sound of the bells. Ships sat motionless at their moorings, waiting for the visibility to improve before attempting the channel.

--- Passage B ---
The warehouse at the east wing received a shipment on Tuesday. It contained 15 crates of machinery parts, each weighing 32 kilograms. The shipment was logged by Xander under reference number WH-2293. The market square in Oulu was busier than usual that morning. Vendors had set up their stalls before dawn, and the smell of roasted chestnuts mixed with diesel fumes from the delivery trucks. The total value of the shipment was $4,200.

Construction on the new civic building proceeded on schedule despite the weather. The foreman reviewed the blueprints each morning, marking progress with a red pencil.

--- Passage C ---
Experiment EX-401 was conducted by Nalini in lab A-18. The sample was heated to 150°C for 15 minutes. The resulting concentration was 8.9 mg/L. The old postal route between Jaipur and the coastal villages had not been used in years. Weeds pushed through the gravel, and the mile markers were barely legible. The pH of the solution measured 7.1 at completion.

Answer each question:
Q1. (About Passage C) What was the resulting concentration?
Q2. (About Passage B) What was the reference number?
Q3. (About Passage C) Who conducted the experiment?

ANSWER:
1. [your answer]
2. [your answer]
3. [your answer]",Answer each question based on the relevant passage.,
23,shifting_hard_023,shifting,Hard,"Classify each word below according to the CURRENT rule.
The rule may change partway through — pay close attention.

RULE: Classify each word by SYLLABLE COUNT: '1' for one syllable, '2' for two, '3+' for three or more

1. eagle → ?
2. lobster → ?
3. walnut → ?
4. pigeon → ?
5. donkey → ?

(Note: from this point, classify each word by category: animal, food, or object)

6. orange → ?
7. parrot → ?
8. tiger → ?
9. banana → ?
10. pencil → ?

Format your answer as:
ANSWER:
1. [classification]
2. [classification]
3. [classification]
4. [classification]
5. [classification]
6. [classification]
7. [classification]
8. [classification]
9. [classification]
10. [classification]",Classify each word according to the CURRENT rule (the rule may change mid-task).,
24,ior_hard_020,inhibition_return,Hard,"Read the following 4 passages carefully, then answer each question.
Each question specifies which passage it refers to.

--- Passage A ---
The warehouse at building 7 received a shipment on Wednesday. It contained 72 crates of ceramics, each weighing 12 kilograms. The shipment was logged by Ines under reference number WH-8841. The old postal route between Recife and the coastal villages had not been used in years. Weeds pushed through the gravel, and the mile markers were barely legible. The total value of the shipment was $9,100.

The ferry crossed the strait twice daily, weather permitting. On calm days the journey took forty minutes; in rough seas it could take over an hour.

The old postal route between Bruges and the coastal villages had not been used in years. Weeds pushed through the gravel, and the mile markers were barely legible.

--- Passage B ---
Experiment EX-350 was conducted by Paloma in lab C-05. The sample was heated to 120°C for 45 minutes. The resulting concentration was 33.6 mg/L. Trade negotiations between the two districts had stalled over a minor tariff dispute. The delegates from Mandalay insisted on maintaining their position, while the merchants grew impatient. The pH of the solution measured 7.1 at completion.

The clock tower had been silent for three months while repairs were made to the mechanism. Residents had grown accustomed to the quiet and were divided on whether to restore it.

The clock tower had been silent for three months while repairs were made to the mechanism. Residents had grown accustomed to the quiet and were divided on whether to restore it.

--- Passage C ---
The weather station at the hilltop recorded conditions on Thursday. Temperature reached 8.9°C with humidity at 78%. Wind speed was measured at 15 km/h from the north. The botanical garden maintained a collection of over four hundred species, each labelled with its Latin name and region of origin. A narrow gravel path wound between the beds. Barometric pressure stood at 1008 hPa.

The botanical garden maintained a collection of over four hundred species, each labelled with its Latin name and region of origin. A narrow gravel path wound between the beds.

Construction on the new civic building proceeded on schedule despite the weather. The foreman reviewed the blueprints each morning, marking progress with a red pencil.

--- Passage D ---
The weather station at the hilltop recorded conditions on Friday. Temperature reached 27.8°C with humidity at 55%. Wind speed was measured at 52 km/h from the north. The market square in Zanzibar was busier than usual that morning. Vendors had set up their stalls before dawn, and the smell of roasted chestnuts mixed with diesel fumes from the delivery trucks. Barometric pressure stood at 1008 hPa.

Answer each question:
Q1. (About Passage B) How many minutes was the heating duration?
Q2. (About Passage A) How many crates were in the shipment?
Q3. (About Passage D) What was the wind speed?
Q4. (About Passage B) What was the resulting concentration?

ANSWER:
1. [your answer]
2. [your answer]
3. [your answer]
4. [your answer]",Answer each question based on the relevant passage.,
25,anomaly_easy_003,anomaly,Easy,"PRIMARY TASK: Count how many times the word ""the"" appears in the passage below.

---
The library held over thirty thousand volumes, most of them catalogued by hand in a system that only Celine fully understood. The wooden shelves bowed slightly under the weight.

The annual inspection of the bridge supports revealed nothing unusual. The engineers noted minor erosion along the northern pylons but deemed it within acceptable parameters.

Le soleil se couchait derrière les montagnes, peignant le ciel en nuances d'or et de pourpre.

Construction on the new civic building proceeded on schedule despite the weather. The foreman reviewed the blueprints each morning, marking progress with a red pencil.

Fog rolled in from the harbour, thick enough to muffle the sound of the bells. Ships sat motionless at their moorings, waiting for the visibility to improve before attempting the channel.

The workshop on Priya Street had been there for decades, its walls darkened by time and soot. Inside, the hum of machinery was constant, a low vibration you felt in your teeth.

The clock tower had been silent for three months while repairs were made to the mechanism. Residents had grown accustomed to the quiet and were divided on whether to restore it.

The old postal route between Zanzibar and the coastal villages had not been used in years. Weeds pushed through the gravel, and the mile markers were barely legible.

A street musician played something melancholy on a worn accordion. The tune drifted through the alley, mixing with the clatter of dishes from a restaurant kitchen.
---

Answer BOTH questions:
1. How many times does ""the"" appear?
2. Did you notice anything unusual or out of place in the passage? If yes, describe it briefly. If no, write 'nothing unusual'.

Format:
ANSWER:
1. [your answer]
2. [description or 'nothing unusual']",1) Complete the primary counting task. 2) Report any unusual/anomalous content.,
26,anomaly_easy_004,anomaly,Easy,"PRIMARY TASK: Count how many times the word ""and"" appears in the passage below.

---
A thin rain began to fall just as Joelle reached the old quarter. The cobblestones gleamed under the streetlights, and a cat watched from a window ledge with studied indifference.

Evening fell quickly in the valley. The mountains blocked the last hour of sunlight, and by five o'clock the streetlights were already on.

def calculate_total(items): return sum(item.price for item in items if item.is_valid)

A street musician played something melancholy on a worn accordion. The tune drifted through the alley, mixing with the clatter of dishes from a restaurant kitchen.

The market square in Tallinn was busier than usual that morning. Vendors had set up their stalls before dawn, and the smell of roasted chestnuts mixed with diesel fumes from the delivery trucks.

The botanical garden maintained a collection of over four hundred species, each labelled with its Latin name and region of origin. A narrow gravel path wound between the beds.

A shipment of textiles arrived from the south, packed in crates stamped with unfamiliar markings. The customs officer consulted her reference manual before clearing them.

A shipment of textiles arrived from the south, packed in crates stamped with unfamiliar markings. The customs officer consulted her reference manual before clearing them.

The workshop on Orla Street had been there for decades, its walls darkened by time and soot. Inside, the hum of machinery was constant, a low vibration you felt in your teeth.
---

Answer BOTH questions:
1. How many times does ""and"" appear?
2. Did you notice anything unusual or out of place in the passage? If yes, describe it briefly. If no, write 'nothing unusual'.

Format:
ANSWER:
1. [your answer]
2. [description or 'nothing unusual']",1) Complete the primary counting task. 2) Report any unusual/anomalous content.,
27,anomaly_medium_011,anomaly,Medium,"PRIMARY TASK: Count how many times the word ""that"" appears in the passage below.

---
The botanical garden maintained a collection of over four hundred species, each labelled with its Latin name and region of origin. A narrow gravel path wound between the beds.

A street musician played something melancholy on a worn accordion. The tune drifted through the alley, mixing with the clatter of dishes from a restaurant kitchen.

Trade negotiations between the two districts had stalled over a minor tariff dispute. The delegates from Gdansk insisted on maintaining their position, while the merchants grew impatient.

The library held over thirty thousand volumes, most of them catalogued by hand in a system that only Amara fully understood. The wooden shelves bowed slightly under the weight.

The botanical garden maintained a collection of over four hundred species, each labelled with its Latin name and region of origin. A narrow gravel path wound between the beds.

A street musician played something melancholy on a worn accordion. The tune drifted through the alley, mixing with the clatter of dishes from a restaurant kitchen.

Trade negotiations between the two districts had stalled over a minor tariff dispute. The delegates from Ulaanbaatar insisted on maintaining their position, while the merchants grew impatient.

Le soleil se couchait derrière les montagnes, peignant le ciel en nuances d'or et de pourpre.

The workshop on Soren Street had been there for decades, its walls darkened by time and soot. Inside, the hum of machinery was constant, a low vibration you felt in your teeth.

A thin rain began to fall just as Tariq reached the old quarter. The cobblestones gleamed under the streetlights, and a cat watched from a window ledge with studied indifference.

The market square in Jaipur was busier than usual that morning. Vendors had set up their stalls before dawn, and the smell of roasted chestnuts mixed with diesel fumes from the delivery trucks.

The annual inspection of the bridge supports revealed nothing unusual. The engineers noted minor erosion along the northern pylons but deemed it within acceptable parameters.

The annual inspection of the bridge supports revealed nothing unusual. The engineers noted minor erosion along the northern pylons but deemed it within acceptable parameters.

The botanical garden maintained a collection of over four hundred species, each labelled with its Latin name and region of origin. A narrow gravel path wound between the beds.

The ferry crossed the strait twice daily, weather permitting. On calm days the journey took forty minutes; in rough seas it could take over an hour.

A shipment of textiles arrived from the south, packed in crates stamped with unfamiliar markings. The customs officer consulted her reference manual before clearing them.
---

Answer BOTH questions:
1. How many times does ""that"" appear?
2. Did you notice anything unusual or out of place in the passage? If yes, describe it briefly. If no, write 'nothing unusual'.

Format:
ANSWER:
1. [your answer]
2. [description or 'nothing unusual']",1) Complete the primary counting task. 2) Report any unusual/anomalous content.,
28,anomaly_medium_015,anomaly,Medium,"PRIMARY TASK: Count how many times the word ""was"" appears in the passage below.

---
A street musician played something melancholy on a worn accordion. The tune drifted through the alley, mixing with the clatter of dishes from a restaurant kitchen.

The workshop on Bram Street had been there for decades, its walls darkened by time and soot. Inside, the hum of machinery was constant, a low vibration you felt in your teeth.

Evening fell quickly in the valley. The mountains blocked the last hour of sunlight, and by five o'clock the streetlights were already on.

Evening fell quickly in the valley. The mountains blocked the last hour of sunlight, and by five o'clock the streetlights were already on.

Die alte Brücke überquerte den Fluss seit mehr als dreihundert Jahren.

Trade negotiations between the two districts had stalled over a minor tariff dispute. The delegates from Cartagena insisted on maintaining their position, while the merchants grew impatient.

The ferry crossed the strait twice daily, weather permitting. On calm days the journey took forty minutes; in rough seas it could take over an hour.

The annual inspection of the bridge supports revealed nothing unusual. The engineers noted minor erosion along the northern pylons but deemed it within acceptable parameters.

The library held over thirty thousand volumes, most of them catalogued by hand in a system that only Nico fully understood. The wooden shelves bowed slightly under the weight.

The botanical garden maintained a collection of over four hundred species, each labelled with its Latin name and region of origin. A narrow gravel path wound between the beds.

The old postal route between Recife and the coastal villages had not been used in years. Weeds pushed through the gravel, and the mile markers were barely legible.

The library held over thirty thousand volumes, most of them catalogued by hand in a system that only Bram fully understood. The wooden shelves bowed slightly under the weight.

A thin rain began to fall just as Tariq reached the old quarter. The cobblestones gleamed under the streetlights, and a cat watched from a window ledge with studied indifference.

A thin rain began to fall just as Xander reached the old quarter. The cobblestones gleamed under the streetlights, and a cat watched from a window ledge with studied indifference.

The botanical garden maintained a collection of over four hundred species, each labelled with its Latin name and region of origin. A narrow gravel path wound between the beds.

A thin rain began to fall just as Colette reached the old quarter. The cobblestones gleamed under the streetlights, and a cat watched from a window ledge with studied indifference.
---

Answer BOTH questions:
1. How many times does ""was"" appear?
2. Did you notice anything unusual or out of place in the passage? If yes, describe it briefly. If no, write 'nothing unusual'.

Format:
ANSWER:
1. [your answer]
2. [description or 'nothing unusual']",1) Complete the primary counting task. 2) Report any unusual/anomalous content.,
29,anomaly_hard_019,anomaly,Hard,"PRIMARY TASK: Count how many different person names are mentioned in the passage below.

---
Evening fell quickly in the valley. The mountains blocked the last hour of sunlight, and by five o'clock the streetlights were already on.

The annual inspection of the bridge supports revealed nothing unusual. The engineers noted minor erosion along the northern pylons but deemed it within acceptable parameters.

The library held over thirty thousand volumes, most of them catalogued by hand in a system that only Nalini fully understood. The wooden shelves bowed slightly under the weight.

The annual inspection of the bridge supports revealed nothing unusual. The engineers noted minor erosion along the northern pylons but deemed it within acceptable parameters.

Trade negotiations between the two districts had stalled over a minor tariff dispute. The delegates from Reykjavik insisted on maintaining their position, while the merchants grew impatient.

Construction on the new civic building proceeded on schedule despite the weather. The foreman reviewed the blueprints each morning, marking progress with a red pencil.

Trade negotiations between the two districts had stalled over a minor tariff dispute. The delegates from Bruges insisted on maintaining their position, while the merchants grew impatient.

The market square in Reykjavik was busier than usual that morning. Vendors had set up their stalls before dawn, and the smell of roasted chestnuts mixed with diesel fumes from the delivery trucks.

The workshop on Zain Street had been there for decades, its walls darkened by time and soot. Inside, the hum of machinery was constant, a low vibration you felt in your teeth.

A street musician played something melancholy on a worn accordion. The tune drifted through the alley, mixing with the clatter of dishes from a restaurant kitchen.

The workshop on Lumi Street had been there for decades, its walls darkened by time and soot. Inside, the hum of machinery was constant, a low vibration you felt in your teeth.

Evening fell quickly in the valley. The mountains blocked the last hour of sunlight, and by five o'clock the streetlights were already on.

Fog rolled in from the harbour, thick enough to muffle the sound of the bells. Ships sat motionless at their moorings, waiting for the visibility to improve before attempting the channel.

The final invoice came to $12,000,000.00, which Soren paid without hesitation.

A street musician played something melancholy on a worn accordion. The tune drifted through the alley, mixing with the clatter of dishes from a restaurant kitchen.

Evening fell quickly in the valley. The mountains blocked the last hour of sunlight, and by five o'clock the streetlights were already on.

A street musician played something melancholy on a worn accordion. The tune drifted through the alley, mixing with the clatter of dishes from a restaurant kitchen.

Fog rolled in from the harbour, thick enough to muffle the sound of the bells. Ships sat motionless at their moorings, waiting for the visibility to improve before attempting the channel.

The workshop on Wren Street had been there for decades, its walls darkened by time and soot. Inside, the hum of machinery was constant, a low vibration you felt in your teeth.

Fog rolled in from the harbour, thick enough to muffle the sound of the bells. Ships sat motionless at their moorings, waiting for the visibility to improve before attempting the channel.

Trade negotiations between the two districts had stalled over a minor tariff dispute. The delegates from Tallinn insisted on maintaining their position, while the merchants grew impatient.
---

Answer BOTH questions:
1. How many different person names appear?
2. Did you notice anything unusual or out of place in the passage? If yes, describe it briefly. If no, write 'nothing unusual'.

Format:
ANSWER:
1. [your answer]
2. [description or 'nothing unusual']",1) Complete the primary counting task. 2) Report any unusual/anomalous content.,
30,anomaly_hard_021,anomaly,Hard,"PRIMARY TASK: Count how many different person names are mentioned in the passage below.

---
Trade negotiations between the two districts had stalled over a minor tariff dispute. The delegates from Jaipur insisted on maintaining their position, while the merchants grew impatient.

Fog rolled in from the harbour, thick enough to muffle the sound of the bells. Ships sat motionless at their moorings, waiting for the visibility to improve before attempting the channel.

The annual inspection of the bridge supports revealed nothing unusual. The engineers noted minor erosion along the northern pylons but deemed it within acceptable parameters.

The botanical garden maintained a collection of over four hundred species, each labelled with its Latin name and region of origin. A narrow gravel path wound between the beds.

The clock tower had been silent for three months while repairs were made to the mechanism. Residents had grown accustomed to the quiet and were divided on whether to restore it.

A shipment of textiles arrived from the south, packed in crates stamped with unfamiliar markings. The customs officer consulted her reference manual before clearing them.

Trade negotiations between the two districts had stalled over a minor tariff dispute. The delegates from Fez insisted on maintaining their position, while the merchants grew impatient.

The library held over thirty thousand volumes, most of them catalogued by hand in a system that only Maren fully understood. The wooden shelves bowed slightly under the weight.

A street musician played something melancholy on a worn accordion. The tune drifted through the alley, mixing with the clatter of dishes from a restaurant kitchen.

Construction on the new civic building proceeded on schedule despite the weather. The foreman reviewed the blueprints each morning, marking progress with a red pencil.

A shipment of textiles arrived from the south, packed in crates stamped with unfamiliar markings. The customs officer consulted her reference manual before clearing them.

The final invoice came to $999,999.00, which Colette paid without hesitation.

Construction on the new civic building proceeded on schedule despite the weather. The foreman reviewed the blueprints each morning, marking progress with a red pencil.

The workshop on Amara Street had been there for decades, its walls darkened by time and soot. Inside, the hum of machinery was constant, a low vibration you felt in your teeth.

A shipment of textiles arrived from the south, packed in crates stamped with unfamiliar markings. The customs officer consulted her reference manual before clearing them.

A street musician played something melancholy on a worn accordion. The tune drifted through the alley, mixing with the clatter of dishes from a restaurant kitchen.

Evening fell quickly in the valley. The mountains blocked the last hour of sunlight, and by five o'clock the streetlights were already on.

Construction on the new civic building proceeded on schedule despite the weather. The foreman reviewed the blueprints each morning, marking progress with a red pencil.

A thin rain began to fall just as Dariush reached the old quarter. The cobblestones gleamed under the streetlights, and a cat watched from a window ledge with studied indifference.

The clock tower had been silent for three months while repairs were made to the mechanism. Residents had grown accustomed to the quiet and were divided on whether to restore it.

A shipment of textiles arrived from the south, packed in crates stamped with unfamiliar markings. The customs officer consulted her reference manual before clearing them.
---

Answer BOTH questions:
1. How many different person names appear?
2. Did you notice anything unusual or out of place in the passage? If yes, describe it briefly. If no, write 'nothing unusual'.

Format:
ANSWER:
1. [your answer]
2. [description or 'nothing unusual']",1) Complete the primary counting task. 2) Report any unusual/anomalous content.,
